url,reason
https://mindmaps.innovationeye.com/firms/70584,DOMAIN_DEAD
http://www.in7.ee/admiralmarkets.ee,DOMAIN_DEAD
https://taniabertaldi.com/foreks-6/vakansii-kompanii-teletrejd-grupp/,DOMAIN_DEAD
http://taniabertaldi.com/foreks-6/tipy-orderov/,DOMAIN_DEAD
http://taniabertaldi.com/finansy/pokernyj-forum/,DOMAIN_DEAD
http://guitarsxs.com/category/finansovaja-analitika/,DOMAIN_DEAD
https://vinst.org/travel/raghee-horner-net-worth-0684224,DOMAIN_DEAD
http://guitarsxs.com/paypal-s-31-ijulja-prekratit-vnutrennie-perevody-v/,DOMAIN_DEAD
http://guitarsxs.com/category/foreks-3/,DOMAIN_DEAD
https://www.semidivita.com/luchshij-oblachnyj-majning/,DOMAIN_DEAD
http://www.wutaideng.wang/cn/aoeil/page.php?tag=how-much-do-you-earn-easy-german,DOMAIN_DEAD
https://www.h.media/analiz-rynka-foreks-tehnicheskij-i-fundamental%D1%8Cnyj/,DOMAIN_DEAD
https://www.h.media/v-jetoj-stat%D1%8Ce-podrobno-opisyvaetsja-kak-rabotaet/,DOMAIN_DEAD
https://www.h.media/al%D1%8Cpari-lichnyj-kabinet/,DOMAIN_DEAD
https://www.h.media/metod-vajkoffa-skachat%D1%8C-knigu/,DOMAIN_DEAD
https://www.h.media/kak-investirovat%D1%8C-na-rynke-forex-torgovye/,DOMAIN_DEAD
https://www.h.media/est%D1%8C-li-brauzer-bez-reklamy-ili-na-hudoj-konec-ee/,DOMAIN_DEAD
https://www.h.media/kak-vystavljat%D1%8C-stop/,DOMAIN_DEAD
https://www.h.media/rejting-foreks-brokerov-top-brokerov-foreks/,DOMAIN_DEAD
https://www.h.media/foreks/,DOMAIN_DEAD
https://www.h.media/brauzer-bez-reklamy-i-vsplyvajushhih-okon-uran/,DOMAIN_DEAD
https://www.h.media/al%D1%8Cpari-3/,DOMAIN_DEAD
https://www.h.media/prognozy-foreks-na-segodnja-nedelju-analitika-i/,DOMAIN_DEAD
https://www.h.media/prognozy-i-analitika-foreks-tehnicheskij-analiz/,DOMAIN_DEAD
https://www.h.media/torgovye-signaly-po-metodu-vajkoffa/,DOMAIN_DEAD
https://www.h.media/adguard/,DOMAIN_DEAD
https://www.h.media/xiaomi-mint-brauzer-dlja-android/,DOMAIN_DEAD
https://www.h.media/chto-takoe-stop/,DOMAIN_DEAD
https://www.h.media/foreks-2/,DOMAIN_DEAD
https://www.h.media/kaj-metov-pozishn-namber-van-slushat%D1%8C/,DOMAIN_DEAD
https://www.h.media/razoblachajushhie-podrobnosti-o-torgovle-na-rynke/,DOMAIN_DEAD
https://www.h.media/rejting-brokerov-foreks/,DOMAIN_DEAD
https://www.h.media/indikator-nastroenija-rynka-foreks/,DOMAIN_DEAD
https://www.h.media/sberbank-moja-torgovlja/,DOMAIN_DEAD
https://www.h.media/prognozy-foreks-na-segodnja-i-na-zavtra-analitika/,DOMAIN_DEAD
https://forum.pro-radio.ru/start/3401-4,DOMAIN_DEAD
http://zensuality.us/category/finansy/page/2/,DOMAIN_DEAD
http://zensuality.us/category/foreks/,DOMAIN_DEAD
http://www.distefanoparrucchieri.it/sravnenie-cfd-v-jpy/,DOMAIN_DEAD
http://www.distefanoparrucchieri.it/rejting-brokerov-foreks-top/,DOMAIN_DEAD
https://miolor.pics/article/7-actions-a-l-epreuve-de-la-recession-que-les-investisseurs-nerveux-peuvent-acheter-en-2022,DOMAIN_DEAD
https://miolor.pics/article/3-of-the-safest-dividend-stocks-retirees-can-buy-right-now-the-motley-fool,DOMAIN_DEAD
http://www.in7.se/admiralmarkets.se,DOMAIN_DEAD
https://palam.ca/les-erreurs-de-trading-les-plus-courantes-et-comment-les-eviter/,DOMAIN_DEAD
http://catalog.main.bg/s0p27.html?s=0&p=4,DOMAIN_DEAD
https://catalog.main.bg/item2139.html,DOMAIN_DEAD
https://cipiel.best/article/hoeveel-kost-een-tesla-goedkoper-dan-voorheen-hier-is-een-prijsoverzicht,DOMAIN_DEAD
https://cipiel.best/article/3-aktien-die-es-wert-sind-besessen-zu-werden-und-die-sie-jeden-tag-nutzen-der-bunte-narr,DOMAIN_DEAD
https://hemino.pics/article/5-manieren-om-meerdere-inkomstenstromen-te-creeren-als-je-in-de-twintig-bent-112,DOMAIN_DEAD
https://spyderslab.com/otzyvy-o-larson-holz-it-ltd/,DOMAIN_DEAD
https://spyderslab.com/oblachnyj-majning-i-solo-majning-2019/,DOMAIN_DEAD
https://www.litnity.com/litnity/blog/page/5/,DOMAIN_DEAD
https://libreddit.baczek.me/r/beermoneyglobal,DOMAIN_DEAD
https://libreddit.baczek.me/r/beermoneyglobal,DOMAIN_DEAD
https://libreddit.baczek.me/r/beermoneyglobal,DOMAIN_DEAD
https://libreddit.baczek.me/r/beermoneyglobal,DOMAIN_DEAD
https://libreddit.baczek.me/r/beermoneyglobal,DOMAIN_DEAD
https://echofive.co.uk/paypal/,DOMAIN_DEAD
https://echofive.co.uk/profil%D1%8C-i-anfas/,DOMAIN_DEAD
https://echofive.co.uk/golodec-zajavila-chto-verojatnost%D1%8C-proniknovenija/,DOMAIN_DEAD
https://uttero.info/article/is-forex-trading-worth-it-8-reasons-why-it-could-be-tradeveda,DOMAIN_DEAD
http://www.in7.at/admiralmarkets.at,DOMAIN_DEAD
http://www.in7.lt/admiralmarkets.lt,DOMAIN_DEAD
https://moreforexbrokers.com/pt-br/corretora-forex-com-menor-spread/,DOMAIN_DEAD
https://basket99th.com/rejting-brokerov-foreks-2020-luchshie-brokerskie/,DOMAIN_DEAD
https://cadome.best/article/6-van-de-meest-schokkende-stijgingen-en-dalingen-van-aandelen-580,DOMAIN_DEAD
https://cadome.best/article/3-stocks-that-could-double-by-2025-the-motley-fool,DOMAIN_DEAD
https://www.jodvie.co.uk/news/newbie-investors-guide-how-to-become-a-jse-top-40-index-investor-79646.html,DOMAIN_DEAD
https://www.jodvie.co.uk/news/10-main-questions-about-crypto-mining-answered-144436.html,DOMAIN_DEAD
http://www.mitorneo.co/blog/category/forex-trading/page/3/,DOMAIN_DEAD
http://www.mitorneo.co/blog/author/john650254/,DOMAIN_DEAD
http://muggenverjagen.com/finansovye-novosti/rejting-foreks-brokerov/,DOMAIN_DEAD
https://muggenverjagen.com/finansovye-novosti/intradej-i-dejtrejdery/,DOMAIN_DEAD
https://bellissimakids.com/mt4-desktop-k.html,DOMAIN_DEAD
https://imagefy.gen.tf/p/381680137174544553/,DOMAIN_DEAD
https://blog.hsecurities.in/2022/04/07/kak-bystro-uspokoit%D1%8Csja-i-snjat%D1%8C-stress/,DOMAIN_DEAD
https://freeislamicbooks.midadedev.com/the-best-way-to-learn-forex-trading/,DOMAIN_DEAD
https://freeislamicbooks.midadedev.com/rejtingi-masterforex/,DOMAIN_DEAD
https://freeislamicbooks.midadedev.com/investicii-v-foreks-vmeste-s-fibo-group/,DOMAIN_DEAD
http://www.nilgunsenturk.com.tr/znachenie-slova-obmenka-chto-takoe-obmenka,DOMAIN_DEAD
http://www.nilgunsenturk.com.tr/%E1%90%88-teletrade-u-metro-nevskij-prospekt,DOMAIN_DEAD
http://www.nilgunsenturk.com.tr/oblachnyj-majning-2020-rejting-luchshih-sajtov,DOMAIN_DEAD
http://www.nilgunsenturk.com.tr/soobshhestvo-trejderov-mql5-community,DOMAIN_DEAD
http://www.nilgunsenturk.com.tr/nik-bostrom-a-ne-zhivem-li-my-v-matrice,DOMAIN_DEAD
http://www.nilgunsenturk.com.tr/author/nilgun/page/710,DOMAIN_DEAD
https://hindisport.com/domain-list-35,DOMAIN_DEAD
https://hindisport.com/domain-list-168,DOMAIN_DEAD
https://izanes.best/article/9-biggest-companies-in-south-africa-by-market-capitalization-in-2023-atlanticride,DOMAIN_DEAD
https://izanes.best/article/9-biggest-companies-in-south-africa-by-market-capitalization-in-2023-atlanticride,DOMAIN_DEAD
https://appliedaibusiness.com/2020/01/maximarkets/,DOMAIN_DEAD
https://jambal.best/article/10-moeglichkeiten-schnell-vermoegen-aufzubauen,DOMAIN_DEAD
https://theforexbroker.ca/,DOMAIN_DEAD
http://adisak.devfunction.com/?p=21457&lang=th,DOMAIN_DEAD
http://adisak.devfunction.com/?p=50292&lang=th,DOMAIN_DEAD
https://k9servers.com/forums/users/curtdonoghue385/,DOMAIN_DEAD
https://dedleo.best/article/25-metiers-qui-rapportent-5000-euros-par-mois-ou-plus-en-2022,DOMAIN_DEAD
http://www.lambano.org.za/foreks-blog-o-zarabotke-na-finansovyh-rynkah-i/,DOMAIN_DEAD
https://www.lambano.org.za/chernyj-spisok-obmennikov/,DOMAIN_DEAD
https://www.lambano.org.za/vtb-kapital-foreks/,DOMAIN_DEAD
https://appliancejb.com/author/fixitadmin/page/39/,DOMAIN_DEAD
http://essentialoilsforpainrelief.com/kotirovka-jeto-chto-takoe-prostymi-slovami/,DOMAIN_DEAD
http://essentialoilsforpainrelief.com/broker-freshforex/,DOMAIN_DEAD
https://ownsor.best/article/trust-wallet-erfahrungen-was-sie-wissen-sollten-sport-und-news,DOMAIN_DEAD
https://ownsor.best/article/biggest-companies-in-the-world-by-market-cap,DOMAIN_DEAD
https://ownsor.best/article/metamask-vs-trust-wallet-was-ist-besser-sport-und-news,DOMAIN_DEAD
http://tol.vpo.si/risparmio/strumenti-analisi-agenda-economica/,DOMAIN_DEAD
http://tol.vpo.si/inev/admiral-markets-seminario-160414/,DOMAIN_DEAD
http://tol.vpo.si/risparmio/perchescegliere-cfd-trading-online/,DOMAIN_DEAD
http://tol.vpo.si/inev/admiral-markets-seminario-160414/,DOMAIN_DEAD
http://tol.vpo.si/admiralmarkets/,DOMAIN_DEAD
http://tol.vpo.si/risparmio/investire-mercato-azionario-dow-jones/,DOMAIN_DEAD
http://tol.vpo.si/risparmio/strategie-trading-intraday-scalping/,DOMAIN_DEAD
http://tol.vpo.si/fxe/snb-eur-chf-tetto-190312/,DOMAIN_DEAD
https://t.zotan.services/Carolane0408,DOMAIN_DEAD
https://t.zotan.services/Carolane0408,DOMAIN_DEAD
https://t.zotan.services/search?q=%23FOREX,DOMAIN_DEAD
https://t.zotan.services/search?q=%23automatedtrading,DOMAIN_DEAD
https://t.zotan.services/search?q=%23%D8%A7%D9%84%D8%B3%D9%88%D9%82_%D8%A7%D9%84%D8%A7%D9%85%D8%B1%D9%8A%D9%83%D9%8A,DOMAIN_DEAD
https://t.zotan.services/Carolane0408,DOMAIN_DEAD
https://t.zotan.services/Carolane0408,DOMAIN_DEAD
https://t.zotan.services/search?q=%23forextrading,DOMAIN_DEAD
https://t.zotan.services/search?q=%23fed,DOMAIN_DEAD
https://t.zotan.services/BaroVirtual,DOMAIN_DEAD
https://t.zotan.services/search?q=%23currencytrading,DOMAIN_DEAD
https://t.zotan.services/search?q=%23asic,DOMAIN_DEAD
https://t.zotan.services/Carolane0408,DOMAIN_DEAD
https://t.zotan.services/search?q=%23USDRON,DOMAIN_DEAD
https://t.zotan.services/search?q=%23oracle,DOMAIN_DEAD
https://t.zotan.services/search?q=%23forexmarket,DOMAIN_DEAD
https://t.zotan.services/search?q=%23currencytrading,DOMAIN_DEAD
https://t.zotan.services/search?q=%23MT5,DOMAIN_DEAD
https://t.zotan.services/search?q=%23forexmarket,DOMAIN_DEAD
http://bloommarina.com/page/907/,DOMAIN_DEAD
http://bloommarina.com/page/1152/,DOMAIN_DEAD
https://www.seoindepth.com/domain/traderbobo.com,DOMAIN_DEAD
